Workbook
Name Slicer_campaign_name: #N/A
Name Slicer_category: #N/A
Name Slicer_Days: #N/A
Name Slicer_Tier: #N/A

Sheet Digital_Marketing
A1: id | B1: c_date | C1: Weekdays | D1: category | E1: campaign_id | F1: impressions | G1: mark_spent | H1: clicks | I1: leads | J1: Orders | K1: Revenue | L1: ROMI 1 | M1: Click percentage | N1: Conversion 1 | O1: Conversion 2I | P1: AOV1 | Q1: CPC | R1: CPL1 | S1: CAC | T1: Gross profit | U1: Days | V1: Campaign_name | W1: Tier | X1: IsValid
A2: 1 | B2: 44228 | C2: Mon | D2: social | E2: 349043 | F2: 148263 | G2: 7307.37 | H2: 1210 | I2: 13 | J2: 1 | K2: 4981 | L2: -0.31835941 | M2: 0.0081611731 | N2: 0.010743802 | O2: 0.076923077 | P2: 4981 | Q2: 6.0391488 | R2: 562.10538 | S2: 7307.37 | T2: 2326.37 | U2: weekday | V2: facebook | W2: tier1 | X2: =NOT(AND(G2=0,K2>1000000)) -> TRUE
A3: 2 | B3: 44228 | C3: Mon | D3: social | E3: 348934 | F3: 220688 | G3: 16300.2 | H3: 1640 | I3: 48 | J3: 3 | K3: 14962 | L3: -0.082097152 | M3: 0.0074313057 | N3: 0.029268293 | O3: 0.0625 | P3: 4987.3333 | Q3: 9.9391463 | R3: 339.5875 | S3: 5433.4 | T3: -1338.2 | U3: weekday | V3: facebook | W3: tier2 | X3: =NOT(AND(G3=0,K3>1000000)) -> TRUE
A4: 8 | B4: 44228 | C4: Mon | D4: social | E4: 4387490 | F4: 5544 | G4: 1293.55 | H4: 148 | I4: 3 | J4: 1 | K4: 4981 | L4: 2.8506436 | M4: 0.026695527 | N4: 0.02027027 | O4: 0.33333333 | P4: 4981 | Q4: 8.7402027 | R4: 431.18333 | S4: 1293.55 | T4: 3687.45 | U4: weekday | V4: facebook | W4: retargeting | X4: =NOT(AND(G4=0,K4>1000000)) -> TRUE
A5: 9 | B5: 44228 | C5: Mon | D5: social | E5: 544756 | F5: 56916 | G5: 16997.8 | H5: 596 | I5: 14 | J5: 2 | K5: 4162 | L5: -0.75514478 | M5: 0.010471572 | N5: 0.023489933 | O5: 0.14285714 | P5: 2081 | Q5: 28.519799 | R5: 1214.1286 | S5: 8498.9 | T5: -12835.8 | U5: weekday | V5: facebook | W5: lal | X5: =NOT(AND(G5=0,K5>1000000)) -> TRUE
A6: 12 | B6: 44229 | C6: Tue | D6: social | E6: 349043 | F6: 478200 | G6: 18385.3 | H6: 2391 | I6: 48 | J6: 4 | K6: 17812 | L6: -0.031182521 | M6: 0.005 | N6: 0.020075282 | O6: 0.083333333 | P6: 4453 | Q6: 7.6893768 | R6: 383.02708 | S6: 4596.325 | T6: -573.3 | U6: weekday | V6: facebook | W6: tier1 | X6: =NOT(AND(G6=0,K6>1000000)) -> TRUE
A7: 13 | B7: 44229 | C7: Tue | D7: social | E7: 348934 | F7: 957806 | G7: 2198.05 | H7: 3294 | I7: 10 | J7: 0 | K7: 0 | L7: 0 | M7: 0.0034391098 | N7: 0.0030358227 | O7: 0 | P7: 0 | Q7: 0.66728901 | R7: 219.805 | S7: 0 | T7: 0 | U7: weekday | V7: facebook | W7: tier2 | X7: =NOT(AND(G7=0,K7>1000000)) -> TRUE
A8: 19 | B8: 44229 | C8: Tue | D8: social | E8: 4387490 | F8: 10033 | G8: 169.75 | H8: 301 | I8: 0 | J8: 0 | K8: 0 | L8: 0 | M8: 0.030000997 | N8: 0 | O8: 0 | P8: 0 | Q8: 0.56395349 | R8: 0 | S8: 0 | T8: 0 | U8: weekday | V8: facebook | W8: retargeting | X8: =NOT(AND(G8=0,K8>1000000)) -> TRUE
A9: 20 | B9: 44229 | C9: Tue | D9: social | E9: 544756 | F9: 107553 | G9: 8829.07 | H9: 1196 | I9: 7 | J9: 1 | K9: 1129 | L9: -0.87212696 | M9: 0.011120099 | N9: 0.0058528428 | O9: 0.14285714 | P9: 1129 | Q9: 7.3821656 | R9: 1261.2957 | S9: 8829.07 | T9: -7700.07 | U9: weekday | V9: facebook | W9: lal | X9: =NOT(AND(G9=0,K9>1000000)) -> TRUE
A10: 23 | B10: 44230 | C10: Wed | D10: social | E10: 349043 | F10: 2313889 | G10: 65284.4 | H10: 7197 | I10: 115 | J10: 13 | K10: 72527 | L10: 0.11093921 | M10: 0.003110348 | N10: 0.01597888 | O10: 0.11304348 | P10: 5579 | Q10: 9.0710574 | R10: 567.69043 | S10: 5021.8769 | T10: 7242.6 | U10: weekday | V10: facebook | W10: tier1 | X10: =NOT(AND(G10=0,K10>1000000)) -> TRUE
A11: 24 | B11: 44230 | C11: Wed | D11: social | E11: 348934 | F11: 1105666 | G11: 78958.3 | H11: 9898 | I11: 226 | J11: 12 | K11: 59772 | L11: -0.24299282 | M11: 0.0089520705 | N11: 0.022832896 | O11: 0.053097345 | P11: 4981 | Q11: 7.9771974 | R11: 349.37301 | S11: 6579.8583 | T11: -19186.3 | U11: weekday | V11: facebook | W11: tier2 | X11: =NOT(AND(G11=0,K11>1000000)) -> TRUE
A12: 30 | B12: 44230 | C12: Wed | D12: social | E12: 4387490 | F12: 29867 | G12: 5039.51 | H12: 896 | I12: 18 | J12: 4 | K12: 23560 | L12: 3.6750577 | M12: 0.029999665 | N12: 0.020089286 | O12: 0.22222222 | P12: 5890 | Q12: 5.6244531 | R12: 279.97278 | S12: 1259.8775 | T12: 18520.49 | U12: weekday | V12: facebook | W12: retargeting | X12: =NOT(AND(G12=0,K12>1000000)) -> TRUE
A13: 31 | B13: 44230 | C13: Wed | D13: social | E13: 544756 | F13: 295009 | G13: 76716.4 | H13: 3595 | I13: 72 | J13: 9 | K13: 5607 | L13: -0.92691263 | M13: 0.012186069 | N13: 0.020027816 | O13: 0.125 | P13: 623 | Q13: 21.33975 | R13: 1065.5056 | S13: 8524.0444 | T13: -71109.4 | U13: weekday | V13: facebook | W13: lal | X13: =NOT(AND(G13=0,K13>1000000)) -> TRUE
... A309: 286 | B309: 44253 | C309: Fri | D309: media | E309: 39889 | F309: 20930000 | G309: 8087.73 | H309: 2093 | I309: 22 | J309: 3 | K309: 12213 | L309: 0.51006525 | M309: 0.0001 | N309: 0.010511228 | O309: 0.13636364 | P309: 4071 | Q309: 3.8641806 | R309: 367.62409 | S309: 2695.91 | T309: 4125.27 | U309: weekday | V309: banner | W309: partner | X309: =NOT(AND(G309=0,K309>1000000)) -> TRUE

Sheet Insights
A1: ROMI by Channel / Audience Tier
A3: Tier | B3: Total Spend | C3: Total Revenue | D3: Orders | E3: ROMI | F3: CAC
A4: blogger | B4: =SUMIFS(Digital_Marketing!$G$2:$G$309,Digital_Marketing!$W$2:$W$309,A4,Digital_Marketing!$X$2:$X$309,TRUE) -> 8305304.1 | C4: =SUMIFS(Digital_Marketing!$K$2:$K$309,Digital_Marketing!$W$2:$W$309,A4,Digital_Marketing!$X$2:$X$309,TRUE) -> 21119887 | D4: =SUMIFS(Digital_Marketing!$J$2:$J$309,Digital_Marketing!$W$2:$W$309,A4,Digital_Marketing!$X$2:$X$309,TRUE) -> 3014 | E4: =IFERROR(C4/B4,"") -> 2.5429396 | F4: =IFERROR(B4/D4,"") -> 2755.5753
A5: retargeting | B5: =SUMIFS(Digital_Marketing!$G$2:$G$309,Digital_Marketing!$W$2:$W$309,A5,Digital_Marketing!$X$2:$X$309,TRUE) -> 266466.22 | C5: =SUMIFS(Digital_Marketing!$K$2:$K$309,Digital_Marketing!$W$2:$W$309,A5,Digital_Marketing!$X$2:$X$309,TRUE) -> 536919 | D5: =SUMIFS(Digital_Marketing!$J$2:$J$309,Digital_Marketing!$W$2:$W$309,A5,Digital_Marketing!$X$2:$X$309,TRUE) -> 108 | E5: =IFERROR(C5/B5,"") -> 2.0149608 | F5: =IFERROR(B5/D5,"") -> 2467.2798
A6: hot | B6: =SUMIFS(Digital_Marketing!$G$2:$G$309,Digital_Marketing!$W$2:$W$309,A6,Digital_Marketing!$X$2:$X$309,TRUE) -> 1199998.8 | C6: =SUMIFS(Digital_Marketing!$K$2:$K$309,Digital_Marketing!$W$2:$W$309,A6,Digital_Marketing!$X$2:$X$309,TRUE) -> 2205747 | D6: =SUMIFS(Digital_Marketing!$J$2:$J$309,Digital_Marketing!$W$2:$W$309,A6,Digital_Marketing!$X$2:$X$309,TRUE) -> 281 | E6: =IFERROR(C6/B6,"") -> 1.8381244 | F6: =IFERROR(B6/D6,"") -> 4270.4582
A7: tier1 | B7: =SUMIFS(Digital_Marketing!$G$2:$G$309,Digital_Marketing!$W$2:$W$309,A7,Digital_Marketing!$X$2:$X$309,TRUE) -> 5130070.7 | C7: =SUMIFS(Digital_Marketing!$K$2:$K$309,Digital_Marketing!$W$2:$W$309,A7,Digital_Marketing!$X$2:$X$309,TRUE) -> 6940536 | D7: =SUMIFS(Digital_Marketing!$J$2:$J$309,Digital_Marketing!$W$2:$W$309,A7,Digital_Marketing!$X$2:$X$309,TRUE) -> 1232 | E7: =IFERROR(C7/B7,"") -> 1.3529123 | F7: =IFERROR(B7/D7,"") -> 4164.0184
A8: partner | B8: =SUMIFS(Digital_Marketing!$G$2:$G$309,Digital_Marketing!$W$2:$W$309,A8,Digital_Marketing!$X$2:$X$309,TRUE) -> 5026674.8 | C8: =SUMIFS(Digital_Marketing!$K$2:$K$309,Digital_Marketing!$W$2:$W$309,A8,Digital_Marketing!$X$2:$X$309,TRUE) -> 6152960 | D8: =SUMIFS(Digital_Marketing!$J$2:$J$309,Digital_Marketing!$W$2:$W$309,A8,Digital_Marketing!$X$2:$X$309,TRUE) -> 1566 | E8: =IFERROR(C8/B8,"") -> 1.2240617 | F8: =IFERROR(B8/D8,"") -> 3209.8817
A9: tier2 | B9: =SUMIFS(Digital_Marketing!$G$2:$G$309,Digital_Marketing!$W$2:$W$309,A9,Digital_Marketing!$X$2:$X$309,TRUE) -> 5760024.7 | C9: =SUMIFS(Digital_Marketing!$K$2:$K$309,Digital_Marketing!$W$2:$W$309,A9,Digital_Marketing!$X$2:$X$309,TRUE) -> 4133766 | D9: =SUMIFS(Digital_Marketing!$J$2:$J$309,Digital_Marketing!$W$2:$W$309,A9,Digital_Marketing!$X$2:$X$309,TRUE) -> 1001 | E9: =IFERROR(C9/B9,"") -> 0.71766463 | F9: =IFERROR(B9/D9,"") -> 5754.2704
A10: wide | B10: =SUMIFS(Digital_Marketing!$G$2:$G$309,Digital_Marketing!$W$2:$W$309,A10,Digital_Marketing!$X$2:$X$309,TRUE) -> 2260401.3 | C10: =SUMIFS(Digital_Marketing!$K$2:$K$309,Digital_Marketing!$W$2:$W$309,A10,Digital_Marketing!$X$2:$X$309,TRUE) -> 1499318 | D10: =SUMIFS(Digital_Marketing!$J$2:$J$309,Digital_Marketing!$W$2:$W$309,A10,Digital_Marketing!$X$2:$X$309,TRUE) -> 547 | E10: =IFERROR(C10/B10,"") -> 0.66329726 | F10: =IFERROR(B10/D10,"") -> 4132.3607
A11: lal | B11: =SUMIFS(Digital_Marketing!$G$2:$G$309,Digital_Marketing!$W$2:$W$309,A11,Digital_Marketing!$X$2:$X$309,TRUE) -> 2641939.2 | C11: =SUMIFS(Digital_Marketing!$K$2:$K$309,Digital_Marketing!$W$2:$W$309,A11,Digital_Marketing!$X$2:$X$309,TRUE) -> 300233 | D11: =SUMIFS(Digital_Marketing!$J$2:$J$309,Digital_Marketing!$W$2:$W$309,A11,Digital_Marketing!$X$2:$X$309,TRUE) -> 294 | E11: =IFERROR(C11/B11,"") -> 0.11364114 | F11: =IFERROR(B11/D11,"") -> 8986.1879
A13: TOTAL (overall clean ROMI) | B13: =SUMIFS(Digital_Marketing!$G$2:$G$309,Digital_Marketing!$X$2:$X$309,TRUE) -> 30590880 | C13: =SUMIFS(Digital_Marketing!$K$2:$K$309,Digital_Marketing!$X$2:$X$309,TRUE) -> 42889366 | E13: =C13/B13 -> 1.4020311
A19: Average Daily Revenue: Weekday vs Weekend
A21: Days | B21: Avg Revenue
A22: weekday | B22: =AVERAGEIFS(Digital_Marketing!$K$2:$K$309,Digital_Marketing!$U$2:$U$309,A22,Digital_Marketing!$X$2:$X$309,TRUE) -> 141914.24
A23: weekend | B23: =AVERAGEIFS(Digital_Marketing!$K$2:$K$309,Digital_Marketing!$U$2:$U$309,A23,Digital_Marketing!$X$2:$X$309,TRUE) -> 132593.56
A29: ROMI by Named Campaign
A32: Campaign | B32: Total Spend | C32: Total Revenue | D32: ROMI
A33: youtube | B33: =SUMIFS(Digital_Marketing!$G$2:$G$309,Digital_Marketing!$V$2:$V$309,A33,Digital_Marketing!$X$2:$X$309,TRUE) -> 4057936.5 | C33: =SUMIFS(Digital_Marketing!$K$2:$K$309,Digital_Marketing!$V$2:$V$309,A33,Digital_Marketing!$X$2:$X$309,TRUE) -> 15311433 | D33: =IFERROR(C33/B33,"") -> 3.7732066
A34: instagram | B34: =SUMIFS(Digital_Marketing!$G$2:$G$309,Digital_Marketing!$V$2:$V$309,A34,Digital_Marketing!$X$2:$X$309,TRUE) -> 7878798.6 | C34: =SUMIFS(Digital_Marketing!$K$2:$K$309,Digital_Marketing!$V$2:$V$309,A34,Digital_Marketing!$X$2:$X$309,TRUE) -> 11023038 | D34: =IFERROR(C34/B34,"") -> 1.399076
A35: banner | B35: =SUMIFS(Digital_Marketing!$G$2:$G$309,Digital_Marketing!$V$2:$V$309,A35,Digital_Marketing!$X$2:$X$309,TRUE) -> 5026674.8 | C35: =SUMIFS(Digital_Marketing!$K$2:$K$309,Digital_Marketing!$V$2:$V$309,A35,Digital_Marketing!$X$2:$X$309,TRUE) -> 6152960 | D35: =IFERROR(C35/B35,"") -> 1.2240617
A36: google | B36: =SUMIFS(Digital_Marketing!$G$2:$G$309,Digital_Marketing!$V$2:$V$309,A36,Digital_Marketing!$X$2:$X$309,TRUE) -> 3460400.1 | C36: =SUMIFS(Digital_Marketing!$K$2:$K$309,Digital_Marketing!$V$2:$V$309,A36,Digital_Marketing!$X$2:$X$309,TRUE) -> 3705065 | D36: =IFERROR(C36/B36,"") -> 1.0707042
A37: facebook | B37: =SUMIFS(Digital_Marketing!$G$2:$G$309,Digital_Marketing!$V$2:$V$309,A37,Digital_Marketing!$X$2:$X$309,TRUE) -> 10167070 | C37: =SUMIFS(Digital_Marketing!$K$2:$K$309,Digital_Marketing!$V$2:$V$309,A37,Digital_Marketing!$X$2:$X$309,TRUE) -> 6696870 | D37: =IFERROR(C37/B37,"") -> 0.6586824
A44: ROMI by Category
A46: Category | B46: Total Spend | C46: Total Revenue | D46: ROMI
A47: influencer | B47: =SUMIFS(Digital_Marketing!$G$2:$G$309,Digital_Marketing!$D$2:$D$309,A47,Digital_Marketing!$X$2:$X$309,TRUE) -> 8305304.1 | C47: =SUMIFS(Digital_Marketing!$K$2:$K$309,Digital_Marketing!$D$2:$D$309,A47,Digital_Marketing!$X$2:$X$309,TRUE) -> 21119887 | D47: =IFERROR(C47/B47,"") -> 2.5429396
A48: social | B48: =SUMIFS(Digital_Marketing!$G$2:$G$309,Digital_Marketing!$D$2:$D$309,A48,Digital_Marketing!$X$2:$X$309,TRUE) -> 13798501 | C48: =SUMIFS(Digital_Marketing!$K$2:$K$309,Digital_Marketing!$D$2:$D$309,A48,Digital_Marketing!$X$2:$X$309,TRUE) -> 11911454 | D48: =IFERROR(C48/B48,"") -> 0.86324261
A49: media | B49: =SUMIFS(Digital_Marketing!$G$2:$G$309,Digital_Marketing!$D$2:$D$309,A49,Digital_Marketing!$X$2:$X$309,TRUE) -> 5026674.8 | C49: =SUMIFS(Digital_Marketing!$K$2:$K$309,Digital_Marketing!$D$2:$D$309,A49,Digital_Marketing!$X$2:$X$309,TRUE) -> 6152960 | D49: =IFERROR(C49/B49,"") -> 1.2240617
A50: search | B50: =SUMIFS(Digital_Marketing!$G$2:$G$309,Digital_Marketing!$D$2:$D$309,A50,Digital_Marketing!$X$2:$X$309,TRUE) -> 3460400.1 | C50: =SUMIFS(Digital_Marketing!$K$2:$K$309,Digital_Marketing!$D$2:$D$309,A50,Digital_Marketing!$X$2:$X$309,TRUE) -> 3705065 | D50: =IFERROR(C50/B50,"") -> 1.0707042

Sheet Pivot_Table
A3: Row Labels | B3: Sum of revenue
A4: influencer | B4: 21119887
A5: social | B5: 11911454
A6: media | B6: 6152960
A7: search | B7: 3705065
A8: Grand Total | B8: 42889366
A13: Row Labels | B13: Sum of revenue
A14: Fri | B14: 9574175
A15: Sat | B15: 8523402
A16: Wed | B16: 6973795
A17: Thu | B17: 5955971
A18: Tue | B18: 4537535
A19: Mon | B19: 4179657
A20: Sun | B20: 3144831
A21: Grand Total | B21: 42889366
A27: Row Labels | B27: Sum of revenue
A28: youtube | B28: 15311433
A29: instagram | B29: 11023038
A30: facebook | B30: 6696870
A31: banner | B31: 6152960
A32: google | B32: 3705065
A33: Grand Total | B33: 42889366
A40: Row Labels | B40: Sum of revenue
A41: blogger | B41: 21119887
A42: tier1 | B42: 6940536
A43: partner | B43: 6152960
A44: tier2 | B44: 4133766
A45: hot | B45: 2205747
A46: wide | B46: 1499318
A47: retargeting | B47: 536919
A48: lal | B48: 300233
A49: Grand Total | B49: 42889366
A55: Row Labels | B55: Sum of revenue
A56: weekday | B56: 31221133
A57: weekend | B57: 11668233
A58: Grand Total | B58: 42889366
A64: Sum of ROMI | C64: Sum of mark_spent | F64: Sum of revenue
A65: 1.4020311 | C65: 30590880 | F65: 42889366
A70: Sum of Field1 | C70: Sum of orders
A71: 3803.4166 | C71: 8043

Sheet Dash_Board

Sheet WhatIf_Budget_Reallocation
A1: What-If: Shift Budget FROM a Low-ROMI Tier TO a High-ROMI Tier
A5: Source tier (losing budget) | B5: tier2
A6: Target tier (gaining budget) | B6: blogger
A7: % of source spend to shift (INPUT) | B7: 0.3
A9: Source tier current spend | B9: =VLOOKUP($B$5,Insights!$A$4:$F$11,2,FALSE) -> 5760024.7
A10: Source tier current ROMI | B10: =VLOOKUP($B$5,Insights!$A$4:$F$11,5,FALSE) -> 0.71766463
A11: Target tier current spend | B11: =VLOOKUP($B$6,Insights!$A$4:$F$11,2,FALSE) -> 8305304.1
A12: Target tier current ROMI | B12: =VLOOKUP($B$6,Insights!$A$4:$F$11,5,FALSE) -> 2.5429396
A13: Budget amount shifted | B13: =B9*B7 -> 1728007.4
A14: Revenue LOST from source (shifted budget x source ROMI) | B14: =B13*B10 -> 1240129.8
A15: Revenue GAINED at target (shifted budget x target ROMI) | B15: =B13*B12 -> 4394218.6
A16: Net revenue impact of this shift | B16: =B15-B14 -> 3154088.8
